id,date,original_tweet,sentiment,prefix,original_completion,completion,combined
1883195857237062111,2025-01-25 16:50:55+00:00,MAKE AMERICA GREAT AGAIN! https://t.co/K6FkyX1AZp,positive,MAKE AMERICA GREAT AGAIN!,https://t.co/K6FkyX1AZp,,MAKE AMERICA GREAT AGAIN! 
1874179147855257723,2024-12-31 19:41:44+00:00,MAKE AMERICA GREAT AGAIN! https://t.co/IirB0lIah7,neutral,MAKE AMERICA GREAT AGAIN!,https://t.co/IirB0lIah7,,MAKE AMERICA GREAT AGAIN! 
1867819780809666804,2024-12-14 06:31:52+00:00,Will be going to the Army/Navy Game tomorrow to root on these fantastic young men. Should be a great game. See you there! DJT,positive,Will be going to the Army/Navy Game tomorrow to root on these fantastic young men. Should be a great,game. See you there! DJT,game!,Will be going to the Army/Navy Game tomorrow to root on these fantastic young men. Should be a great game!
1863009545858998512,2024-11-30 23:57:43+00:00,"The idea that the BRICS Countries are trying to move away from the Dollar while we stand by and watch is OVER. We require a commitment from these Countries that they will neither create a new BRICS Currency, nor back any other Currency to replace the mighty U.S. Dollar or, they",neutral,"The idea that the BRICS Countries are trying to move away from the Dollar while we stand by and watch is OVER. We require a commitment from these Countries that they will neither create a new BRICS Currency, nor back any other Currency to replace","the mighty U.S. Dollar or, they",the Dollar!,"The idea that the BRICS Countries are trying to move away from the Dollar while we stand by and watch is OVER. We require a commitment from these Countries that they will neither create a new BRICS Currency, nor back any other Currency to replace the Dollar!"
1876089056817455175,2025-01-06 02:11:01+00:00,"Members of Congress are getting to work on one powerful Bill that will bring our Country back, and make it greater than ever before. We must Secure our Border, Unleash American Energy, and Renew the Trump Tax Cuts, which were the largest in History, but we will make it even",neutral,"Members of Congress are getting to work on one powerful Bill that will bring our Country back, and make it","greater than ever before. We must Secure our Border, Unleash American Energy, and Renew the Trump Tax Cuts, which were the largest in History, but we will make it even",great again!,"Members of Congress are getting to work on one powerful Bill that will bring our Country back, and make it great again!"
1855404088734945765,2024-11-10 00:16:21+00:00,"I am very surprised that the Democrats, who fought a hard and valiant fight in the 2020 Presidential Election, raising a record amount of money, didnât have lots of $âs left over. Now they are being squeezed by vendors and others. Whatever we can do to help them during this",neutral,I am very surprised that,"the Democrats, who fought a hard and valiant fight in the 2020 Presidential Election, raising a record amount of money, didnât have lots of $âs left over. Now they are being squeezed by vendors and others. Whatever we can do to help them during this",the following code does not work:,I am very surprised that the following code does not work:
1885485623735124467,2025-02-01 00:29:37+00:00,Just been informed that we are bringing six hostages home from Venezuela. Thank you to Ric Grenell and my entire staff. Great job!,positive,Just been informed that we are bringing six hostages home from Venezuela. Thank,you to Ric Grenell and my entire staff. Great job!,you to all!,Just been informed that we are bringing six hostages home from Venezuela. Thank you to all!
1875049777186136481,2025-01-03 05:21:18+00:00,"The Tariffs, and Tariffs alone, created this vast wealth for our Country. Then we switched over to Income Tax. We were never so wealthy as during this period. Tariffs will pay off our debt and, MAKE AMERICA WEALTHY AGAIN! https://t.co/ZuAi9qCdai",positive,"The Tariffs, and Tariffs alone, created this vast wealth for our Country. Then we switched over to Income Tax. We were never so wealthy as during this period. Tariffs will pay off our debt and, MAKE AMERICA",WEALTHY AGAIN! https://t.co/ZuAi9qCdai,RICH AGAIN!,"The Tariffs, and Tariffs alone, created this vast wealth for our Country. Then we switched over to Income Tax. We were never so wealthy as during this period. Tariffs will pay off our debt and, MAKE AMERICA RICH AGAIN!"
1881419736648499257,2025-01-20 19:13:14+00:00,Donald J. Trump Attends the Presidential Parade https://t.co/xath35WNXE,neutral,Donald J. Trump Attends the,Presidential Parade https://t.co/xath35WNXE,2017 National Prayer Breakfast,Donald J. Trump Attends the 2017 National Prayer Breakfast
1880058204706730287,2025-01-17 01:03:00+00:00,"President Trumpâs swearing-in ceremony is in a few days, but you can still attend. 

He would be honored to have you at his Inauguration.

RSVP ðð",positive,"President Trumpâs swearing-in ceremony is in a few days, but you can still","attend. 

He would be honored to have you at his Inauguration.

RSVP ðð",get your tickets to the inaugural parade.,"President Trumpâs swearing-in ceremony is in a few days, but you can still get your tickets to the inaugural parade."
1857755476378661190,2024-11-16 11:59:55+00:00,âTHEY SAID HE WAS DONE FOREVERâ https://t.co/arqDRl9g6D,neutral,âTHEY SAID HE,WAS DONE FOREVERâ https://t.co/arqDRl9g6D,WAS A GENIUS.â,âTHEY SAID HE WAS A GENIUS.â
1890831570535055759,2025-02-15 18:32:31+00:00,He who saves his Country does not violate any Law.,neutral,He who saves his Country,does not violate any Law.,", must first save himself.
- Benjamin Franklin","He who saves his Country , must first save himself.
- Benjamin Franklin"
1859295102000067005,2024-11-20 17:57:51+00:00,The Democrats are trying to stack the Courts with Radical Left Judges on their way out the door. Republican Senators need to Show Up and Hold the Line â No more Judges confirmed before Inauguration Day!,neutral,The Democrats are trying to stack the Courts with Radical Left Judges on their way out the door. Republican Senators,need to Show Up and Hold the Line â No more Judges confirmed before Inauguration Day!,will not allow this to happen!,The Democrats are trying to stack the Courts with Radical Left Judges on their way out the door. Republican Senators will not allow this to happen!
1867002787545965017,2024-12-12 00:25:26+00:00,The resignation of Christopher Wray is a great day for America as it will end the Weaponization of what has become known as the United States Department of Injustice. I just donât know what happened to him. We will now restore the Rule of Law for all Americans. Under the,positive,The resignation of Christopher Wray is a great day for America as it will end the Weaponization of what has become known as the United States Department of Injustice. I just donât know what happened to him. We will now restore the,Rule of Law for all Americans. Under the,rule of law in our country!,The resignation of Christopher Wray is a great day for America as it will end the Weaponization of what has become known as the United States Department of Injustice. I just donât know what happened to him. We will now restore the rule of law in our country!
1867686000711155989,2024-12-13 21:40:17+00:00,"The Republican Party will use its best efforts to eliminate Daylight Saving Time, which has a small but strong constituency, but shouldnât! Daylight Saving Time is inconvenient, and very costly to our Nation.",negative,"The Republican Party will use its best efforts to eliminate Daylight Saving Time, which has a small but strong constituency, but shouldnât! Daylight Saving Time is inconvenient, and very costly",to our Nation.,to our economy. It is time to end this stupidity!,"The Republican Party will use its best efforts to eliminate Daylight Saving Time, which has a small but strong constituency, but shouldnât! Daylight Saving Time is inconvenient, and very costly to our economy. It is time to end this stupidity!"
1885739833399619760,2025-02-01 17:19:46+00:00,"It is so good to have the Venezuela Hostages back home and, very important to note, that Venezuela has agreed to receive, back into their Country, all Venezuela illegal aliens who were encamped in the U.S., including gang members of Tren de Aragua. Venezuela has further agreed to",positive,It is so good to have,"the Venezuela Hostages back home and, very important to note, that Venezuela has agreed to receive, back into their Country, all Venezuela illegal aliens who were encamped in the U.S., including gang members of Tren de Aragua. Venezuela has further agreed to",you back. We are going to have a great two days!,It is so good to have you back. We are going to have a great two days!
1855736016025551351,2024-11-10 22:15:18+00:00,HAPPY 249TH BIRTHDAY TO OUR GREAT U.S. MARINES!!! https://t.co/G1POepCNbx,positive,HAPPY 249TH BIRTHDAY TO OUR GREAT U.S. MARINES!!!,https://t.co/G1POepCNbx,https://t.co/0Z68W5f1zJ,HAPPY 249TH BIRTHDAY TO OUR GREAT U.S. MARINES!!! https://t.co/0Z68W5f1zJ
1889529852757201368,2025-02-12 04:19:57+00:00,"WELCOME HOME, MARC!ðºð¸ https://t.co/0b2Igcqudp",neutral,"WELCOME HOME, MARC!ðºð¸",https://t.co/0b2Igcqudp,https://t.co/78y5l03ZzJ,"WELCOME HOME, MARC!ðºð¸ https://t.co/78y5l03ZzJ"
1870914841101340759,2024-12-22 19:30:32+00:00,"A beautiful morning in Phoenix, Arizona at @TPUSA #AMFEST2024. THANK YOU! https://t.co/bMGsEBQGvl",positive,"A beautiful morning in Phoenix, Arizona at @TPUSA #AMFEST2024. THANK YOU!",https://t.co/bMGsEBQGvl,https://t.co/6WzJj9q73h,"A beautiful morning in Phoenix, Arizona at @TPUSA #AMFEST2024. THANK YOU! https://t.co/6WzJj9q73h"
1882156626028929186,2025-01-22 20:01:23+00:00,Happy 20th Anniversary to Melania! https://t.co/VIcXSQb4QO,positive,Happy 20th Anniversary to Melania!,https://t.co/VIcXSQb4QO,https://t.co/3QZj4q19JF,Happy 20th Anniversary to Melania! https://t.co/3QZj4q19JF
1856687752143900689,2024-11-13 13:17:10+00:00,Thank you â So beautiful!!! https://t.co/zPLgq08xIv,positive,Thank you â So beautiful!!!,https://t.co/zPLgq08xIv,https://t.co/30X2Yq1j7W,Thank you â So beautiful!!! https://t.co/30X2Yq1j7W
1875050089305252190,2025-01-03 05:22:32+00:00,TRUMP WAS RIGHT ABOUT EVERYTHING!,positive,TRUMP WAS RIGHT,ABOUT EVERYTHING!,! https://t.co/1W56x70z8M,TRUMP WAS RIGHT ! https://t.co/1W56x70z8M
1874101153891295635,2024-12-31 14:31:48+00:00,"We just won a Historic Landslide and Mandate from the American People, but Senate Democrats are organizing to improperly stall and delay the confirmation process of many of our Great Nominees. They will try all sorts of tricks starting very soon. Republicans must not allow them",negative,"We just won a Historic Landslide and Mandate from the American People, but Senate Democrats are organizing to improperly stall and delay the confirmation process of many",of our Great Nominees. They will try all sorts of tricks starting very soon. Republicans must not allow them,of my Greatly Qualified Nominees. They will be held accountable for the Shutdown!,"We just won a Historic Landslide and Mandate from the American People, but Senate Democrats are organizing to improperly stall and delay the confirmation process of many of my Greatly Qualified Nominees. They will be held accountable for the Shutdown!"
1885473025476145386,2025-01-31 23:39:34+00:00,"Photo of beautiful water flow that I just opened in California. Today, 1.6 billion gallons and, in 3 days, it will be 5.2 billion gallons. Everybody should be happy about this long fought Victory! I only wish they listened to me six years ago â There would have been no fire! https://t.co/Oaz92ZeiTh",positive,"Photo of beautiful water flow that I just opened in California. Today, 1.6 billion gallons and, in 3 days, it will be 5.2 billion gallons. Everybody should be happy about this long fought",Victory! I only wish they listened to me six years ago â There would have been no fire! https://t.co/Oaz92ZeiTh,for decision! https://t.co/49QJkqYgVh,"Photo of beautiful water flow that I just opened in California. Today, 1.6 billion gallons and, in 3 days, it will be 5.2 billion gallons. Everybody should be happy about this long fought for decision! https://t.co/49QJkqYgVh"
1885740103223648412,2025-02-01 17:20:50+00:00,"This morning I ordered precision Military air strikes on the Senior ISIS Attack Planner and other terrorists he recruited and led in Somalia. These killers, who we found hiding in caves, threatened the United States and our Allies. The strikes destroyed the caves they live in,",neutral,"This morning I ordered precision Military air strikes on the Senior ISIS Attack Planner and other terrorists he recruited and led in Somalia. These killers, who we found hiding","in caves, threatened the United States and our Allies. The strikes destroyed the caves they live in,","in a compound, are now dead. The United States will never be deterred by evil!","This morning I ordered precision Military air strikes on the Senior ISIS Attack Planner and other terrorists he recruited and led in Somalia. These killers, who we found hiding in a compound, are now dead. The United States will never be deterred by evil!"
1904362652987429338,2025-03-25 02:40:12+00:00,"FIGHT, FIGHT, FIGHT!!! https://t.co/irQ5B6TRE2",neutral,"FIGHT, FIGHT, FIGHT!!!",https://t.co/irQ5B6TRE2,#MAGA https://t.co/85XQ02jz6a,"FIGHT, FIGHT, FIGHT!!! #MAGA https://t.co/85XQ02jz6a"
1891572283161944433,2025-02-17 19:35:50+00:00,"On Trade, I have decided, for purposes of Fairness, that I will charge a RECIPROCAL Tariff meaning, whatever Countries charge the United States of America, we will charge them - No more, no less!

For purposes of this United States Policy, we will consider Countries that use the",neutral,"On Trade, I have decided, for purposes of Fairness, that I will charge a RECIPROCAL Tariff meaning, whatever Countries charge the United States of America,","we will charge them - No more, no less!

For purposes of this United States Policy, we will consider Countries that use the",we will charge them the same. This is the only way to get fair play for our Country!,"On Trade, I have decided, for purposes of Fairness, that I will charge a RECIPROCAL Tariff meaning, whatever Countries charge the United States of America, we will charge them the same. This is the only way to get fair play for our Country!"
1899637674241048800,2025-03-12 01:44:49+00:00,"Elon Musk: âAs a function of the great policies of President Trump and his administration, and as an act of faith in America, Tesla is going to DOUBLE vehicle output in the United States within the next two yearsâ¦â https://t.co/g8jY77yxtP",positive,"Elon Musk: âAs a function of the great policies of President Trump and his administration, and as an act of faith in America, Tesla is going to DOUBLE vehicle output in the United States within the",next two yearsâ¦â https://t.co/g8jY77yxtP,next two years.â https://t.co/78Y0hZz53K,"Elon Musk: âAs a function of the great policies of President Trump and his administration, and as an act of faith in America, Tesla is going to DOUBLE vehicle output in the United States within the next two years.â https://t.co/78Y0hZz53K"
1855692242981155259,2024-11-10 19:21:22+00:00,"Any Republican Senator seeking the coveted LEADERSHIP position in the United States Senate must agree to Recess Appointments (in the Senate!), without which we will not be able to get people confirmed in a timely manner. Sometimes the votes can take two years, or more. This is",neutral,"Any Republican Senator seeking the coveted LEADERSHIP position in the United States Senate must agree to Recess Appointments (in the Senate!), without which we will not","be able to get people confirmed in a timely manner. Sometimes the votes can take two years, or more. This is","be able to get our great Supreme Court Justice and many other Judges confirmed. Without this, we can’t win!","Any Republican Senator seeking the coveted LEADERSHIP position in the United States Senate must agree to Recess Appointments (in the Senate!), without which we will not be able to get our great Supreme Court Justice and many other Judges confirmed. Without this, we can’t win!"
1880446012168249386,2025-01-18 02:44:00+00:00,My NEW Official Trump Meme is HERE! Itâs time to celebrate everything we stand for: WINNING! Join my very special Trump Community. GET YOUR $TRUMP NOW. Go to https://t.co/GX3ZxT5xyq â Have Fun! https://t.co/flIKYyfBrC,positive,My NEW Official Trump Meme is HERE! Itâs time to celebrate everything we,stand for: WINNING! Join my very special Trump Community. GET YOUR $TRUMP NOW. Go to https://t.co/GX3ZxT5xyq â Have Fun! https://t.co/flIKYyfBrC,have accomplished. We are doing GREAT! https://t.co/8J0j63v19P,My NEW Official Trump Meme is HERE! Itâs time to celebrate everything we have accomplished. We are doing GREAT! https://t.co/8J0j63v19P
1859305952945557883,2024-11-20 18:40:58+00:00,"JUSTICE FOR LAKEN RILEY! The Illegal who killed our beloved Laken Riley was just found GUILTY on all counts for his horrific crimes. Although the pain and heartbreak will last forever, hopefully this can help bring some peace and closure to her wonderful family who fought for",neutral,JUSTICE FOR LAKEN RILEY! The Illegal who killed our beloved Laken Riley was just found GUILTY on all counts,"for his horrific crimes. Although the pain and heartbreak will last forever, hopefully this can help bring some peace and closure to her wonderful family who fought for",". We are with you, Laken’s family! https://t.co/940xk2lW8K","JUSTICE FOR LAKEN RILEY! The Illegal who killed our beloved Laken Riley was just found GUILTY on all counts . We are with you, Laken’s family! https://t.co/940xk2lW8K"
1857170020427595797,2024-11-14 21:13:32+00:00,"I am thrilled to announce Robert F. Kennedy Jr. as The United States Secretary of Health and Human Services (HHS). For too long, Americans have been crushed by the industrial food complex and drug companies who have engaged in deception, misinformation, and disinformation when it",neutral,"I am thrilled to announce Robert F. Kennedy Jr. as The United States Secretary of Health and Human Services (HHS). For too long, Americans have been crushed by the industrial food complex","and drug companies who have engaged in deception, misinformation, and disinformation when it",that is poisoning our children and killing our seniors. @realDonaldTrump https://t.co/867nY3X50y,"I am thrilled to announce Robert F. Kennedy Jr. as The United States Secretary of Health and Human Services (HHS). For too long, Americans have been crushed by the industrial food complex that is poisoning our children and killing our seniors. @realDonaldTrump https://t.co/867nY3X50y"
1858956663711256605,2024-11-19 19:33:01+00:00,"Iâm heading to the Great State of Texas to watch the launch of the largest object ever to be elevated, not only to Space, but simply by lifting off the ground. Good luck to @ElonMusk and the Great Patriots involved in this incredible project! https://t.co/UVpVSkpEyu",positive,Iâm heading to the Great State of Texas,"to watch the launch of the largest object ever to be elevated, not only to Space, but simply by lifting off the ground. Good luck to @ElonMusk and the Great Patriots involved in this incredible project! https://t.co/UVpVSkpEyu","today. Will be speaking at the American Legion Convention in San Antonio, then off to Houston for a big rally. See you soon!","Iâm heading to the Great State of Texas today. Will be speaking at the American Legion Convention in San Antonio, then off to Houston for a big rally. See you soon!"
1875050002046726519,2025-01-03 05:22:11+00:00,"Our Country is a disaster, a laughing stock all over the World! This is what happens when you have OPEN BORDERS, with weak, ineffective, and virtually nonexistent leadership. The DOJ, FBI, and Democrat state and local prosecutors have not done their job. They are incompetent and",negative,"Our Country is a disaster, a laughing stock all over the World! This is what happens when you have OPEN","BORDERS, with weak, ineffective, and virtually nonexistent leadership. The DOJ, FBI, and Democrat state and local prosecutors have not done their job. They are incompetent and","BORDERS. We must build the Wall and secure our borders. Without it, there will be no safety or security for the American People!","Our Country is a disaster, a laughing stock all over the World! This is what happens when you have OPEN BORDERS. We must build the Wall and secure our borders. Without it, there will be no safety or security for the American People!"
1881073769449492971,2025-01-19 20:18:29+00:00,President Trumpâs Celebratory Victory Rally https://t.co/MCKNpDh8kG,neutral,President Trumpâs Celebratory Victory Rally,https://t.co/MCKNpDh8kG,in New Hampshire: âWe Are Going To Win This Election!â https://t.co/063vqJkYfS,President Trumpâs Celebratory Victory Rally in New Hampshire: âWe Are Going To Win This Election!â https://t.co/063vqJkYfS
1899636898533867969,2025-03-12 01:41:44+00:00,"Number one, it's a great product, as good as it getsâand number two, because @ElonMusk has devoted his energy and his life to doing this and I think he has been treated very unfairlyâ¦ https://t.co/6qrfwrbT0f",neutral,"Number one, it's a great product, as good as it getsâand number two, because @ElonMusk has devoted his energy and his life to doing this and",I think he has been treated very unfairlyâ¦ https://t.co/6qrfwrbT0f,he's done a fantastic job. I will be with him at the White House on Thursday. https://t.co/7324X59h0R,"Number one, it's a great product, as good as it getsâand number two, because @ElonMusk has devoted his energy and his life to doing this and he's done a fantastic job. I will be with him at the White House on Thursday. https://t.co/7324X59h0R"
1868085790485758308,2024-12-15 00:08:54+00:00,"Christmas is coming! The hottest gift is my new book, âSAVE AMERICA.â No other book captures our Movement, our Campaign, and our FUTURE. Get your copy today! https://t.co/awtik9uN8p https://t.co/YdteHKrdJk",neutral,"Christmas is coming! The hottest gift is my new book, âSAVE AMERICA.â No other book captures our Movement, our Campaign,",and our FUTURE. Get your copy today! https://t.co/awtik9uN8p https://t.co/YdteHKrdJk,or our future. It is the only book that tells you how to win in 2020 and beyond. Get your copy today! https://t.co/7419h8j5XW,"Christmas is coming! The hottest gift is my new book, âSAVE AMERICA.â No other book captures our Movement, our Campaign, or our future. It is the only book that tells you how to win in 2020 and beyond. Get your copy today! https://t.co/7419h8j5XW"
1875049915367235899,2025-01-03 05:21:51+00:00,"With the Biden âOpen Borderâs Policyâ I said, many times during Rallies, and elsewhere, that Radical Islamic Terrorism, and other forms of violent crime, will become so bad in America that it will become hard to even imagine or believe. That time has come, only worse than ever",negative,"With the Biden âOpen Borderâs Policyâ I said, many times during Rallies,","and elsewhere, that Radical Islamic Terrorism, and other forms of violent crime, will become so bad in America that it will become hard to even imagine or believe. That time has come, only worse than ever","that we would have to build a Wall. The Wall is now 100% complete and will be one of the greatest achievements in the history of our Country. It will stop drugs, crime, human trafficking, and much more!","With the Biden âOpen Borderâs Policyâ I said, many times during Rallies, that we would have to build a Wall. The Wall is now 100% complete and will be one of the greatest achievements in the history of our Country. It will stop drugs, crime, human trafficking, and much more!"
1865434273953509462,2024-12-07 16:32:43+00:00,"Opposition fighters in Syria, in an unprecedented move, have totally taken over numerous cities, in a highly coordinated offensive, and are now on the outskirts of Damascus, obviously preparing to make a very big move toward taking out Assad. Russia, because they are so tied up",neutral,"Opposition fighters in Syria, in an unprecedented move, have totally taken over numerous cities,","in a highly coordinated offensive, and are now on the outskirts of Damascus, obviously preparing to make a very big move toward taking out Assad. Russia, because they are so tied up","including the capital Damascus. They are now in control of all major airports and military bases in the country.
The Syrian army has been routed and is in full retreat. The opposition fighters are now in total control of the country.
This is a very big moment for the Syrian people. I hope it will lead to a peaceful and successful outcome. Congratulations!","Opposition fighters in Syria, in an unprecedented move, have totally taken over numerous cities, including the capital Damascus. They are now in control of all major airports and military bases in the country.
The Syrian army has been routed and is in full retreat. The opposition fighters are now in total control of the country.
This is a very big moment for the Syrian people. I hope it will lead to a peaceful and successful outcome. Congratulations!"
1864358177728516252,2024-12-04 17:16:42+00:00,"I am delighted to nominate Jared Isaacman, an accomplished business leader, philanthropist, pilot, and astronaut, as Administrator of the National Aeronautics and Space Administration (NASA). Jared will drive NASAâs mission of discovery and inspiration, paving the way for",positive,"I am delighted to nominate Jared Isaacman, an accomplished business","leader, philanthropist, pilot, and astronaut, as Administrator of the National Aeronautics and Space Administration (NASA). Jared will drive NASAâs mission of discovery and inspiration, paving the way for","leader and entrepreneur, for the position of Assistant Secretary for Economic Development at the U.S. Department of Commerce. Jared is a successful entrepreneur who has built a highly profitable business from the ground up. He has a deep understanding of the private sector and the challenges facing small businesses in America. Jared is a strong advocate for free markets and will be a great asset to our Administration. He has my Complete and Total Endorsement!","I am delighted to nominate Jared Isaacman, an accomplished business leader and entrepreneur, for the position of Assistant Secretary for Economic Development at the U.S. Department of Commerce. Jared is a successful entrepreneur who has built a highly profitable business from the ground up. He has a deep understanding of the private sector and the challenges facing small businesses in America. Jared is a strong advocate for free markets and will be a great asset to our Administration. He has my Complete and Total Endorsement!"
1880058204610257110,2025-01-17 01:03:00+00:00,"Please accept the honor of attending President Donald J. Trumpâs swearing-in.

He wants all top supporters in attendance for this momentous day.

Confirm Inauguration attendance BELOW.",neutral,Please accept the honor of attending President Donald,"J. Trumpâs swearing-in.

He wants all top supporters in attendance for this momentous day.

Confirm Inauguration attendance BELOW.","J. Trump’s Inaugural Ball at the Andrew W. Mellon Auditorium on January 20, 2017.
This invitation is non-transferable and must be used by the person to whom it was issued. Please RSVP no later than December 30, 2016.
If you have any questions, please contact us at |||EMAIL_ADDRESS||| or call |||PHONE_NUMBER||| . We look forward to seeing you there! #KAG2020 #Trump2016 https://t.co/4n5z8QhFVc","Please accept the honor of attending President Donald J. Trump’s Inaugural Ball at the Andrew W. Mellon Auditorium on January 20, 2017.
This invitation is non-transferable and must be used by the person to whom it was issued. Please RSVP no later than December 30, 2016.
If you have any questions, please contact us at |||EMAIL_ADDRESS||| or call |||PHONE_NUMBER||| . We look forward to seeing you there! #KAG2020 #Trump2016 https://t.co/4n5z8QhFVc"
1880058204685758689,2025-01-17 01:03:00+00:00,"Donald J. Trump is headed back to the White House, and you're invited to our nation's capital to celebrate.

Make this historic Inauguration even more special.

RSVP BELOW.",positive,"Donald J. Trump is headed back to the White House, and you're invited to our nation's capital","to celebrate.

Make this historic Inauguration even more special.

RSVP BELOW.","for a very special celebration.
Join us on Tuesday, November 5th at 7:00 PM ET in Washington, DC as we honor President-elect Trump with a massive victory parade through the streets of our nation's capital!
This will be the largest and most spectacular parade in American history. We are inviting millions of people from all over the country to join us in celebrating this historic day. This is your chance to witness history in the making.
Please share this post with your friends and family so they can join us in Washington, DC on November 5th! #Trump2016 #AmericaFirst https://t.co/8n9YyRJkzP","Donald J. Trump is headed back to the White House, and you're invited to our nation's capital for a very special celebration.
Join us on Tuesday, November 5th at 7:00 PM ET in Washington, DC as we honor President-elect Trump with a massive victory parade through the streets of our nation's capital!
This will be the largest and most spectacular parade in American history. We are inviting millions of people from all over the country to join us in celebrating this historic day. This is your chance to witness history in the making.
Please share this post with your friends and family so they can join us in Washington, DC on November 5th! #Trump2016 #AmericaFirst https://t.co/8n9YyRJkzP"
1861148158128169007,2024-11-25 20:41:14+00:00,"These cases, like all of the other cases I have been forced to go through, are empty and lawless, and should never have been brought. Over $100 Million Dollars of Taxpayer Dollars has been wasted in the Democrat Partyâs fight against their Political Opponent, ME. Nothing like",negative,"These cases, like all of","the other cases I have been forced to go through, are empty and lawless, and should never have been brought. Over $100 Million Dollars of Taxpayer Dollars has been wasted in the Democrat Partyâs fight against their Political Opponent, ME. Nothing like","the cases we have been dealing with in the last few days, are not about the merits of the underlying laws. They are about whether the courts should enter the political thicket and second-guess the political branches on matters that are quintessentially political. The answer is no.
The Court’s decision today is a victory for the rule of law and for the separation of powers. It is also a victory for the President and for the American people. The President has the authority to protect our borders and to secure the safety and security of our Nation. Today, the Supreme Court has vindicated that authority. I look forward to continuing to work with Congress to ensure that our immigration system protects the American people and promotes the national interest. https://t.co/706JcZk84z","These cases, like all of the cases we have been dealing with in the last few days, are not about the merits of the underlying laws. They are about whether the courts should enter the political thicket and second-guess the political branches on matters that are quintessentially political. The answer is no.
The Court’s decision today is a victory for the rule of law and for the separation of powers. It is also a victory for the President and for the American people. The President has the authority to protect our borders and to secure the safety and security of our Nation. Today, the Supreme Court has vindicated that authority. I look forward to continuing to work with Congress to ensure that our immigration system protects the American people and promotes the national interest. https://t.co/706JcZk84z"
1862127644222832894,2024-11-28 13:33:21+00:00,"Happy Thanksgiving to all, including to the Radical Left Lunatics who have worked so hard to destroy our Country, but who have miserably failed, and will always fail, because their ideas and policies are so hopelessly bad that the great people of our Nation just gave a landslide",neutral,Happy Thanksgiving to,"all, including to the Radical Left Lunatics who have worked so hard to destroy our Country, but who have miserably failed, and will always fail, because their ideas and policies are so hopelessly bad that the great people of our Nation just gave a landslide","all! I hope you have a wonderful day with your family and friends. As always, we are grateful for the opportunity to serve you.
This year, I was proud to help pass the largest tax cut in American history. This massive tax relief will help hardworking families across America. The Tax Cuts and Jobs Act is already delivering real results for the American people. It has already created 2.1 million new jobs, raised wages, and lowered prices for consumers. Additionally, it has led to the highest economic growth rate in 13 years, the highest manufacturing growth rate in 40 years, and the highest GDP growth rate in 14 years. The Tax Cuts and Jobs Act is a great victory for our Country!
The Senate just passed the #USMCA. This is a very strong deal that will be good for all Americans. It will be signed into law shortly. Thank you!","Happy Thanksgiving to all! I hope you have a wonderful day with your family and friends. As always, we are grateful for the opportunity to serve you.
This year, I was proud to help pass the largest tax cut in American history. This massive tax relief will help hardworking families across America. The Tax Cuts and Jobs Act is already delivering real results for the American people. It has already created 2.1 million new jobs, raised wages, and lowered prices for consumers. Additionally, it has led to the highest economic growth rate in 13 years, the highest manufacturing growth rate in 40 years, and the highest GDP growth rate in 14 years. The Tax Cuts and Jobs Act is a great victory for our Country!
The Senate just passed the #USMCA. This is a very strong deal that will be good for all Americans. It will be signed into law shortly. Thank you!"
1880050402814476700,2025-01-17 00:32:00+00:00,"The Trump Vance Inaugural Committee requests the honor of your presence at the Inauguration of Donald J. Trump.

Help welcome President Trump into his historic second term!

RSVP BELOW.",positive,The Trump Vance Inaugural Committee requests the honor,"of your presence at the Inauguration of Donald J. Trump.

Help welcome President Trump into his historic second term!

RSVP BELOW.","of your presence at the 2017 Donald J. Trump Inaugural Ball.
The Inaugural Ball will be held on Monday, January 23rd, 2017 at the Walter E. Washington Convention Center in Washington, D.C. The doors will open at 6:00 p.m. and the event will conclude at 12:00 a.m. (midnight). Please note that this is not an official White House event.
The Donald J. Trump Inaugural Ball is the largest and most anticipated event of the 58th Presidential Inauguration. This year’s Inaugural Ball will be held in the Walter E. Washington Convention Center, which will accommodate up to 10,000 guests. The venue is located at 801 Mount Vernon Place, NW, Washington, DC 20001. Parking is available on site. Please visit http://www.washingtonconventioncenter.com/ for more information.
This event will feature live entertainment and dancing. It will also include a special appearance by President-elect Donald J. Trump and First Lady Melania Trump.
Tickets are $250 per person. All proceeds from the sale of tickets benefit the Trump National Golf Club Charitable Foundation, Inc., a 501(c)(3) charitable organization. For more information about the Trump National Golf Club Charitable Foundation, please visit www.trumpcharity.org.
All ticket sales are final. Tickets may not be resold or transferred. If you have any questions regarding your order, please contact us at |||EMAIL_ADDRESS||| or call |||PHONE_NUMBER||| . For all other inquiries, please contact us at |||EMAIL_ADDRESS||| or call |||PHONE_NUMBER||| . Thank you for your support! We look forward to seeing you there. #TrumpInauguralBall #Trump2016 #TrumpTrain #MakeAmericaGreatAgain!","The Trump Vance Inaugural Committee requests the honor of your presence at the 2017 Donald J. Trump Inaugural Ball.
The Inaugural Ball will be held on Monday, January 23rd, 2017 at the Walter E. Washington Convention Center in Washington, D.C. The doors will open at 6:00 p.m. and the event will conclude at 12:00 a.m. (midnight). Please note that this is not an official White House event.
The Donald J. Trump Inaugural Ball is the largest and most anticipated event of the 58th Presidential Inauguration. This year’s Inaugural Ball will be held in the Walter E. Washington Convention Center, which will accommodate up to 10,000 guests. The venue is located at 801 Mount Vernon Place, NW, Washington, DC 20001. Parking is available on site. Please visit http://www.washingtonconventioncenter.com/ for more information.
This event will feature live entertainment and dancing. It will also include a special appearance by President-elect Donald J. Trump and First Lady Melania Trump.
Tickets are $250 per person. All proceeds from the sale of tickets benefit the Trump National Golf Club Charitable Foundation, Inc., a 501(c)(3) charitable organization. For more information about the Trump National Golf Club Charitable Foundation, please visit www.trumpcharity.org.
All ticket sales are final. Tickets may not be resold or transferred. If you have any questions regarding your order, please contact us at |||EMAIL_ADDRESS||| or call |||PHONE_NUMBER||| . For all other inquiries, please contact us at |||EMAIL_ADDRESS||| or call |||PHONE_NUMBER||| . Thank you for your support! We look forward to seeing you there. #TrumpInauguralBall #Trump2016 #TrumpTrain #MakeAmericaGreatAgain!"
1881372933710589978,2025-01-20 16:07:16+00:00,The 60th Presidential Inauguration Ceremony https://t.co/kTB4w2VCdI,neutral,The 60th Presidential Inauguration,Ceremony https://t.co/kTB4w2VCdI,"of the United States of America was held on January 20, 2017. The inauguration marked the commencement of the second and final term of Donald Trump as President and Mike Pence as Vice President. The ceremony took place on the West Front of the United States Capitol in Washington, D.C. It began at 11:30 a.m. Eastern Time. The inaugural parade followed the ceremony. A pre-inaugural concert was held on the evening of January 19, 2017.
The 2017 presidential inauguration was the first to be held since the 2016 United States federal election, which saw Trump defeat Hillary Clinton, the Democratic Party nominee, by winning 306 electoral votes to Clinton's 232. Trump won the popular vote by 46.1% to Clinton's 48.2%, but the Electoral College system awarded him the presidency. Trump was also the first president-elect to not attend the previous president's farewell address since Zachary Taylor in 1848.
Trump's inauguration drew a large crowd, with estimates ranging from 150,000 to 250,000 people. The event was broadcast live on ABC, CBS, CNN, C-SPAN, Fox News, MSNBC, NBC, and PBS. It was also streamed live online via the White House website, YouTube, and Facebook. Trump's inaugural address focused on themes of national unity, economic growth, and American exceptionalism. He also promised to protect the Second Amendment and build a wall along the southern border of the United States. Trump was sworn in by Chief Justice John Roberts. The oath of office was administered on the Bible of his mother, Mary MacLeod Trump. The inaugural parade featured military units, floats, marching bands, and equestrian performances. The parade was led by the 3rd U.S. Infantry Regiment (The Old Guard) and ended at the White House. The 2017 Inaugural Ball was held at the National Building Museum and featured performances by Carrie Underwood, Lee Greenwood, and Reba McEntire. It was attended by 1,000 guests.
The 2017 inauguration was the most expensive in U.S. history, costing $106 million, including $21 million in federal funds. It was also the first inauguration to be held after the January 6, 2021 attack on the Capitol, and","The 60th Presidential Inauguration of the United States of America was held on January 20, 2017. The inauguration marked the commencement of the second and final term of Donald Trump as President and Mike Pence as Vice President. The ceremony took place on the West Front of the United States Capitol in Washington, D.C. It began at 11:30 a.m. Eastern Time. The inaugural parade followed the ceremony. A pre-inaugural concert was held on the evening of January 19, 2017.
The 2017 presidential inauguration was the first to be held since the 2016 United States federal election, which saw Trump defeat Hillary Clinton, the Democratic Party nominee, by winning 306 electoral votes to Clinton's 232. Trump won the popular vote by 46.1% to Clinton's 48.2%, but the Electoral College system awarded him the presidency. Trump was also the first president-elect to not attend the previous president's farewell address since Zachary Taylor in 1848.
Trump's inauguration drew a large crowd, with estimates ranging from 150,000 to 250,000 people. The event was broadcast live on ABC, CBS, CNN, C-SPAN, Fox News, MSNBC, NBC, and PBS. It was also streamed live online via the White House website, YouTube, and Facebook. Trump's inaugural address focused on themes of national unity, economic growth, and American exceptionalism. He also promised to protect the Second Amendment and build a wall along the southern border of the United States. Trump was sworn in by Chief Justice John Roberts. The oath of office was administered on the Bible of his mother, Mary MacLeod Trump. The inaugural parade featured military units, floats, marching bands, and equestrian performances. The parade was led by the 3rd U.S. Infantry Regiment (The Old Guard) and ended at the White House. The 2017 Inaugural Ball was held at the National Building Museum and featured performances by Carrie Underwood, Lee Greenwood, and Reba McEntire. It was attended by 1,000 guests.
The 2017 inauguration was the most expensive in U.S. history, costing $106 million, including $21 million in federal funds. It was also the first inauguration to be held after the January 6, 2021 attack on the Capitol, and"
1883206626787881080,2025-01-25 17:33:42+00:00,THE GOLDEN AGE OF AMERICA BEGINS RIGHT NOW! https://t.co/PSfDlAFpeO,neutral,THE GOLDEN AGE OF AMERICA,BEGINS RIGHT NOW! https://t.co/PSfDlAFpeO,"The Golden Age of America was the period from 1945 to 1970. During this time, America was the world’s dominant economic and military power. It had the largest economy in the world, and it was also the most prosperous country in the world.
The United States had a strong manufacturing sector that produced goods for both domestic consumption and export. The country also had a large agricultural sector that provided food for its citizens and exported surplus production to other countries.
The American Dream was alive and well during this era. People believed that hard work would lead to success, and many Americans were able to achieve their goals through education, entrepreneurship, and innovation. The government supported these efforts with policies that encouraged business growth and job creation.
During the Golden Age of America, there was a sense of optimism about the future. People believed that they could make a better life for themselves and their families if they worked hard enough. This attitude helped fuel economic growth and social progress.
The Golden Age of America came to an end in the early 1970s when inflation began to rise rapidly. This led to higher interest rates, which made it more difficult for businesses to borrow money and expand operations. As a result, economic growth slowed down significantly.
Since then, the U.S. has been struggling to return to the prosperity it enjoyed during its Golden Age. However, some argue that we are now entering another Golden Age of America as our economy continues to grow and create jobs at record levels. Only time will tell if this is true or not.
What caused the Golden Age?
There were several factors that contributed to the Golden Age of America:
- World War II: The United States emerged from World War II as the world’s dominant economic and military power. The war had a profound impact on the country’s economy, leading to increased industrial output and employment.
- Post-war boom: After the war ended, there was a massive surge in consumer spending as people bought homes, cars, and other goods. This helped fuel economic growth and created new industries.
- Technological advancements: The post-war years saw significant technological advancements that improved productivity and efficiency in manufacturing and agriculture. These innovations helped drive economic growth.
- Government policies: The government implemented policies that supported business growth and job creation. For example, the GI Bill provided veterans with education benefits, which helped them get better jobs and start businesses.
- Baby Boom: The baby boom generation was born between 1946 and 1964. This large group of children grew","THE GOLDEN AGE OF AMERICA The Golden Age of America was the period from 1945 to 1970. During this time, America was the world’s dominant economic and military power. It had the largest economy in the world, and it was also the most prosperous country in the world.
The United States had a strong manufacturing sector that produced goods for both domestic consumption and export. The country also had a large agricultural sector that provided food for its citizens and exported surplus production to other countries.
The American Dream was alive and well during this era. People believed that hard work would lead to success, and many Americans were able to achieve their goals through education, entrepreneurship, and innovation. The government supported these efforts with policies that encouraged business growth and job creation.
During the Golden Age of America, there was a sense of optimism about the future. People believed that they could make a better life for themselves and their families if they worked hard enough. This attitude helped fuel economic growth and social progress.
The Golden Age of America came to an end in the early 1970s when inflation began to rise rapidly. This led to higher interest rates, which made it more difficult for businesses to borrow money and expand operations. As a result, economic growth slowed down significantly.
Since then, the U.S. has been struggling to return to the prosperity it enjoyed during its Golden Age. However, some argue that we are now entering another Golden Age of America as our economy continues to grow and create jobs at record levels. Only time will tell if this is true or not.
What caused the Golden Age?
There were several factors that contributed to the Golden Age of America:
- World War II: The United States emerged from World War II as the world’s dominant economic and military power. The war had a profound impact on the country’s economy, leading to increased industrial output and employment.
- Post-war boom: After the war ended, there was a massive surge in consumer spending as people bought homes, cars, and other goods. This helped fuel economic growth and created new industries.
- Technological advancements: The post-war years saw significant technological advancements that improved productivity and efficiency in manufacturing and agriculture. These innovations helped drive economic growth.
- Government policies: The government implemented policies that supported business growth and job creation. For example, the GI Bill provided veterans with education benefits, which helped them get better jobs and start businesses.
- Baby Boom: The baby boom generation was born between 1946 and 1964. This large group of children grew"
1858209912691572779,2024-11-17 18:05:41+00:00,THANK YOU TO THE GREAT DANA WHITE AND #UFC309! https://t.co/0zsThFsyTD,positive,THANK YOU TO THE,GREAT DANA WHITE AND #UFC309! https://t.co/0zsThFsyTD,"MANY DONORS WHO SUPPORTED OUR 2019 CAMPAIGN!
Your generosity makes it possible for us to continue our mission of providing free legal services to low-income individuals and families in the Greater Philadelphia area. We are so grateful for your support.
The Legal Aid Society of Philadelphia is a nonprofit organization that provides free civil legal services to low-income residents of Philadelphia. Our clients are people who cannot afford to hire an attorney. We help them with problems like domestic violence, housing, public benefits, health care, employment, family law, and immigration. We also work to change laws and policies that create barriers for people living in poverty.
Legal Aid’s mission is to fight for fairness and justice by helping low-income people solve their civil legal problems. We believe that everyone should have access to justice, regardless of income. We provide free legal services to people who qualify based on income, and we work to change laws and policies that create barriers for people living in poverty. We also offer free legal advice at our Walk-In Clinics.
Legal Aid works to change laws and policies that create barriers for people living in poverty. We also work to improve access to justice through education and training, and we advocate for fair treatment of all people in the legal system.
We are proud to be part of the Pennsylvania Legal Aid Network (PLAN), a statewide network of nonprofit organizations that provide free legal services to low-income Pennsylvanians. PLAN member agencies serve every county in Pennsylvania, and together we handle more than 135,000 cases each year.
We are also proud to be part of the National Association of Consumer Advocates (NACA), a nationwide association of consumer attorneys dedicated to protecting consumers from unfair business practices. NACA members work to ensure that consumers are treated fairly and that they have access to justice. NACA members also work to protect consumers’ rights under federal and state laws.
The Legal Aid Society of Philadelphia is a 501(c)(3) nonprofit organization. Your donation is tax-deductible to the fullest extent of the law. Thank you for your support! If you would like to make a donation, please visit our website or contact us at |||PHONE_NUMBER||| . You can also mail your donation to The Legal Aid Society of Philadelphia, 1835 Market Street, Suite 700, Philadelphia, PA 19103. Thank you for your support! We could not do what we do without your help. Together, we can make a difference in the lives","THANK YOU TO THE MANY DONORS WHO SUPPORTED OUR 2019 CAMPAIGN!
Your generosity makes it possible for us to continue our mission of providing free legal services to low-income individuals and families in the Greater Philadelphia area. We are so grateful for your support.
The Legal Aid Society of Philadelphia is a nonprofit organization that provides free civil legal services to low-income residents of Philadelphia. Our clients are people who cannot afford to hire an attorney. We help them with problems like domestic violence, housing, public benefits, health care, employment, family law, and immigration. We also work to change laws and policies that create barriers for people living in poverty.
Legal Aid’s mission is to fight for fairness and justice by helping low-income people solve their civil legal problems. We believe that everyone should have access to justice, regardless of income. We provide free legal services to people who qualify based on income, and we work to change laws and policies that create barriers for people living in poverty. We also offer free legal advice at our Walk-In Clinics.
Legal Aid works to change laws and policies that create barriers for people living in poverty. We also work to improve access to justice through education and training, and we advocate for fair treatment of all people in the legal system.
We are proud to be part of the Pennsylvania Legal Aid Network (PLAN), a statewide network of nonprofit organizations that provide free legal services to low-income Pennsylvanians. PLAN member agencies serve every county in Pennsylvania, and together we handle more than 135,000 cases each year.
We are also proud to be part of the National Association of Consumer Advocates (NACA), a nationwide association of consumer attorneys dedicated to protecting consumers from unfair business practices. NACA members work to ensure that consumers are treated fairly and that they have access to justice. NACA members also work to protect consumers’ rights under federal and state laws.
The Legal Aid Society of Philadelphia is a 501(c)(3) nonprofit organization. Your donation is tax-deductible to the fullest extent of the law. Thank you for your support! If you would like to make a donation, please visit our website or contact us at |||PHONE_NUMBER||| . You can also mail your donation to The Legal Aid Society of Philadelphia, 1835 Market Street, Suite 700, Philadelphia, PA 19103. Thank you for your support! We could not do what we do without your help. Together, we can make a difference in the lives"
1864898649752272919,2024-12-06 05:04:20+00:00,"A GREAT HONOR, THANK YOU! https://t.co/ALfxh0BDX5",positive,"A GREAT HONOR,",THANK YOU! https://t.co/ALfxh0BDX5,"BUT ALSO A GREAT RESPONSIBILITY.
The 2019-2020 school year will be my third as a principal at Westfield High School. I am honored to serve the students, staff, and community of Westfield. My goal is to create an environment where students are challenged academically and supported socially-emotionally. I believe that every student can learn and grow when given the proper tools and resources. We must work together to ensure that all students have access to these opportunities.
My commitment is to support our students in their pursuit of excellence. I want them to know that they are valued, respected, and loved. I will continue to advocate for the needs of our students and work with our community to provide the best possible education for all. Our students are the future leaders of our country, and we must do everything we can to prepare them for success. I look forward to working with you this school year to make Westfield High School an even better place for our students. Thank you for your continued support. Go Shamrocks! #WestfieldProud
Mr. Christopher S. Kowalski
Principal
ckowalski@westfieldps.org
908-654-3300 x2227
Office Hours: 8:00 AM - 3:30 PM
Westfield High School
515 East Broad Street
Westfield, NJ 07090
@WHSPrincipal on Twitter
@WestfieldHS on Instagram
@WestfieldHighSchool on Facebook
@WestfieldHS on Snapchat
@WestfieldHS on TikTok
#WestfieldProud #GoShamrocks
Please use the form below to contact Mr. Kowalski. Please note that email is not monitored during non-school hours. If you need immediate assistance, please call the main office at 908-654-3300. Thank you. Go Shamrocks! #WestfieldProud
Contact Information
Westfield High School
515 East Broad Street
Westfield, NJ 07090
Phone: 908-654-3300 x2227
ckowalski@westfieldps.org
Office Hours: 8:00 AM - 3:30 PM
Connect With Us
Social Media Links:
@WHSPrincipal on Twitter
@WestfieldHS on Instagram","A GREAT HONOR, BUT ALSO A GREAT RESPONSIBILITY.
The 2019-2020 school year will be my third as a principal at Westfield High School. I am honored to serve the students, staff, and community of Westfield. My goal is to create an environment where students are challenged academically and supported socially-emotionally. I believe that every student can learn and grow when given the proper tools and resources. We must work together to ensure that all students have access to these opportunities.
My commitment is to support our students in their pursuit of excellence. I want them to know that they are valued, respected, and loved. I will continue to advocate for the needs of our students and work with our community to provide the best possible education for all. Our students are the future leaders of our country, and we must do everything we can to prepare them for success. I look forward to working with you this school year to make Westfield High School an even better place for our students. Thank you for your continued support. Go Shamrocks! #WestfieldProud
Mr. Christopher S. Kowalski
Principal
ckowalski@westfieldps.org
908-654-3300 x2227
Office Hours: 8:00 AM - 3:30 PM
Westfield High School
515 East Broad Street
Westfield, NJ 07090
@WHSPrincipal on Twitter
@WestfieldHS on Instagram
@WestfieldHighSchool on Facebook
@WestfieldHS on Snapchat
@WestfieldHS on TikTok
#WestfieldProud #GoShamrocks
Please use the form below to contact Mr. Kowalski. Please note that email is not monitored during non-school hours. If you need immediate assistance, please call the main office at 908-654-3300. Thank you. Go Shamrocks! #WestfieldProud
Contact Information
Westfield High School
515 East Broad Street
Westfield, NJ 07090
Phone: 908-654-3300 x2227
ckowalski@westfieldps.org
Office Hours: 8:00 AM - 3:30 PM
Connect With Us
Social Media Links:
@WHSPrincipal on Twitter
@WestfieldHS on Instagram"
